Measure,Count,sum,Mean,Min,Max,Range,Variance,Std. Dev
games.azul.actions.TakeTilesAction@6612a01a,50.0,49.0,0.9800000000000002,0.0,3.0,3.0,0.5506122448979592,0.7420325093268888
games.azul.actions.TakeTilesAction@256fa2cd,50.0,40.0,0.8,0.0,3.0,3.0,0.8571428571428569,0.9258200997725513
games.azul.actions.TakeTilesAction@256fa232,50.0,39.0,0.78,0.0,3.0,3.0,0.8281632653061226,0.9100347604933136
games.azul.actions.TakeTilesAction@592dacbb,50.0,37.0,0.7399999999999999,0.0,2.0,2.0,0.4004081632653061,0.63277813115286
games.azul.actions.TakeTilesAction@2fcf63a4,50.0,36.0,0.7199999999999998,0.0,3.0,3.0,0.6138775510204083,0.7835033829029766
games.azul.actions.TakeTilesAction@592dac3f,50.0,33.0,0.6599999999999998,0.0,3.0,3.0,0.8004081632653061,0.8946553321057814
games.azul.actions.TakeTilesAction@327bfb26,50.0,32.0,0.64,0.0,2.0,2.0,0.2759183673469388,0.5252793231671496
games.azul.actions.TakeTilesAction@6612a039,50.0,32.0,0.6399999999999999,0.0,2.0,2.0,0.6840816326530611,0.8270922757788645
games.azul.actions.TakeTilesAction@327bfb64,50.0,32.0,0.6399999999999999,0.0,2.0,2.0,0.6024489795918366,0.7761758689832071
games.azul.actions.TakeTilesAction@327bfb45,50.0,32.0,0.6399999999999998,0.0,2.0,2.0,0.5208163265306125,0.7216760537322909
games.azul.actions.TakeTilesAction@2fcf6385,50.0,31.0,0.62,0.0,2.0,2.0,0.32204081632653075,0.5674864018868917
games.azul.actions.TakeTilesAction@327c6f28,50.0,30.0,0.6,0.0,2.0,2.0,0.44897959183673464,0.6700593942604899
games.azul.actions.TakeTilesAction@2fcfd768,50.0,30.0,0.5999999999999998,0.0,3.0,3.0,0.6530612244897959,0.8081220356417685
games.azul.actions.TakeTilesAction@256fa28f,50.0,28.0,0.56,0.0,2.0,2.0,0.33306122448979597,0.5771145679064045
games.azul.actions.TakeTilesAction@256fa2ae,50.0,28.0,0.5599999999999999,0.0,2.0,2.0,0.4146938775510203,0.6439672954048368
games.azul.actions.TakeTilesAction@592dac9c,50.0,28.0,0.5599999999999999,0.0,3.0,3.0,0.41469387755102033,0.6439672954048368
games.azul.actions.TakeTilesAction@661313fd,50.0,27.0,0.5400000000000003,0.0,3.0,3.0,0.6208163265306124,0.7879189847507244
games.azul.actions.TakeTilesAction@66129ffb,50.0,27.0,0.5399999999999999,0.0,2.0,2.0,0.3759183673469387,0.6131218209678552
games.azul.actions.TakeTilesAction@592e209e,50.0,27.0,0.5399999999999997,0.0,3.0,3.0,0.5391836734693879,0.7342912729083656
games.azul.actions.TakeTilesAction@2fcfd7e4,50.0,26.0,0.5199999999999999,0.0,3.0,3.0,0.703673469387755,0.838852471765897
games.azul.actions.TakeTilesAction@6613145a,50.0,25.0,0.5000000000000001,0.0,2.0,2.0,0.41836734693877536,0.6468132241526725
games.azul.actions.TakeTilesAction@592e2139,50.0,25.0,0.4999999999999998,0.0,3.0,3.0,0.7448979591836732,0.8630747123996121
games.azul.actions.TakeTilesAction@592dacda,50.0,24.0,0.47999999999999987,0.0,2.0,2.0,0.4995918367346936,0.7068181072487416
games.azul.actions.TakeTilesAction@66131479,50.0,23.0,0.4600000000000001,0.0,2.0,2.0,0.6208163265306123,0.7879189847507244
games.azul.actions.TakeTilesAction@2fcfd7c5,50.0,23.0,0.46,0.0,2.0,2.0,0.45755102040816314,0.676425177242955
games.azul.actions.TakeTilesAction@2570172c,50.0,23.0,0.45999999999999996,0.0,3.0,3.0,0.5799999999999998,0.7615773105863908
games.azul.actions.TakeTilesAction@327c6fa4,50.0,22.0,0.44,0.0,2.0,2.0,0.5371428571428571,0.7329003050503234
games.azul.actions.TakeTilesAction@592e211a,50.0,22.0,0.43999999999999995,0.0,2.0,2.0,0.4555102040816328,0.6749149606295839
games.azul.actions.TakeTilesAction@2fcf6309,50.0,22.0,0.4399999999999999,0.0,2.0,2.0,0.4146938775510203,0.6439672954048368
games.azul.actions.TakeTilesAction@2fcfd7a6,50.0,21.0,0.42,0.0,2.0,2.0,0.28938775510204084,0.5379477252503637
games.azul.actions.TakeTilesAction@2fcf6366,50.0,21.0,0.4199999999999999,0.0,2.0,2.0,0.28938775510204084,0.5379477252503637
games.azul.actions.TakeTilesAction@25701691,50.0,20.0,0.4,0.0,2.0,2.0,0.4081632653061224,0.6388765649999398
games.azul.actions.TakeTilesAction@327bfb07,50.0,20.0,0.4,0.0,1.0,1.0,0.24489795918367352,0.49487165930539356
games.azul.actions.TakeTilesAction@2fcfd803,50.0,18.0,0.3600000000000001,0.0,2.0,2.0,0.4391836734693879,0.6627093431281831
games.azul.actions.TakeTilesAction@327c6fc3,50.0,18.0,0.36000000000000004,0.0,3.0,3.0,0.4391836734693878,0.662709343128183
games.azul.actions.TakeTilesAction@327bfac9,50.0,18.0,0.36,0.0,2.0,2.0,0.3575510204081633,0.59795570104161
games.azul.actions.TakeTilesAction@257016ee,50.0,18.0,0.36,0.0,2.0,2.0,0.316734693877551,0.5627918743883488
games.azul.actions.TakeTilesAction@66129fbd,50.0,17.0,0.34000000000000014,0.0,1.0,1.0,0.22897959183673466,0.47851812069840644
games.azul.actions.TakeTilesAction@256fa251,50.0,17.0,0.34,0.0,1.0,1.0,0.22897959183673472,0.4785181206984065
games.azul.actions.TakeTilesAction@592dac5e,50.0,17.0,0.3399999999999999,0.0,1.0,1.0,0.22897959183673472,0.4785181206984065
games.azul.actions.TakeTilesAction@327c6f47,50.0,16.0,0.31999999999999995,0.0,1.0,1.0,0.22204081632653058,0.47121207149916117
games.azul.actions.TakeTilesAction@327c6f66,50.0,15.0,0.3000000000000001,0.0,2.0,2.0,0.25510204081632654,0.5050762722761054
games.azul.actions.TakeTilesAction@66131498,50.0,15.0,0.30000000000000004,0.0,2.0,2.0,0.4183673469387754,0.6468132241526725
games.azul.actions.TakeTilesAction@6613143b,50.0,15.0,0.30000000000000004,0.0,2.0,2.0,0.2551020408163266,0.5050762722761054
games.azul.actions.TakeTilesAction@66129f9e,50.0,15.0,0.3,0.0,2.0,2.0,0.33673469387755095,0.5802884574739972
games.azul.actions.TakeTilesAction@2fcf6347,50.0,15.0,0.3,0.0,1.0,1.0,0.21428571428571427,0.4629100498862757
games.azul.actions.TakeTilesAction@2fcf6328,50.0,14.0,0.28,0.0,1.0,1.0,0.2057142857142857,0.4535573676110727
games.azul.actions.TakeTilesAction@592e20fb,50.0,14.0,0.2799999999999999,0.0,2.0,2.0,0.3689795918367345,0.6074369035848369
games.azul.actions.TakeTilesAction@256fa612,50.0,13.0,0.2600000000000001,0.0,1.0,1.0,0.19632653061224495,0.4430874976934521
games.azul.actions.TakeTilesAction@6613141c,50.0,13.0,0.26,0.0,1.0,1.0,0.19632653061224484,0.443087497693452
games.azul.actions.TakeTilesAction@2fcfe6e8,50.0,13.0,0.26,0.0,2.0,2.0,0.2779591836734694,0.5272183453498839
games.azul.actions.TakeTilesAction@256fadb3,50.0,13.0,0.25999999999999995,0.0,1.0,1.0,0.1963265306122449,0.44308749769345207
games.azul.actions.TakeTilesAction@2570170d,50.0,13.0,0.25999999999999995,0.0,2.0,2.0,0.2779591836734694,0.5272183453498839
games.azul.actions.TakeTilesAction@257016cf,50.0,13.0,0.2599999999999999,0.0,2.0,2.0,0.23714285714285713,0.48697315854455175
games.azul.actions.TakeTilesAction@327c6f85,50.0,12.0,0.24000000000000005,0.0,1.0,1.0,0.1861224489795918,0.4314191105868999
games.azul.actions.TakeTilesAction@66129fdc,50.0,12.0,0.24000000000000005,0.0,1.0,1.0,0.18612244897959185,0.4314191105869
games.azul.actions.TakeTilesAction@327bfae8,50.0,12.0,0.24000000000000005,0.0,1.0,1.0,0.18612244897959193,0.4314191105869001
games.azul.actions.TakeTilesAction@592db3ff,50.0,12.0,0.24000000000000005,0.0,1.0,1.0,0.18612244897959185,0.4314191105869
games.azul.actions.TakeTilesAction@592dac7d,50.0,12.0,0.24000000000000002,0.0,1.0,1.0,0.18612244897959185,0.4314191105869
games.azul.actions.TakeTilesAction@2fcfe707,50.0,11.0,0.22000000000000006,0.0,2.0,2.0,0.29755102040816317,0.5454823740581937
games.azul.actions.TakeTilesAction@2fcfe2e9,50.0,11.0,0.22000000000000003,0.0,2.0,2.0,0.21591836734693878,0.46467017049401693
games.azul.actions.TakeTilesAction@2fcf6e8a,50.0,11.0,0.21999999999999997,0.0,1.0,1.0,0.1751020408163265,0.41845195759648024
games.azul.actions.TakeTilesAction@327c7707,50.0,11.0,0.21999999999999992,0.0,2.0,2.0,0.2159183673469388,0.464670170494017
games.azul.actions.TakeTilesAction@257016b0,50.0,10.0,0.20000000000000015,0.0,1.0,1.0,0.16326530612244902,0.4040610178208843
games.azul.actions.TakeTilesAction@2fcfdf66,50.0,10.0,0.20000000000000007,0.0,2.0,2.0,0.20408163265306126,0.45175395145262565
games.azul.actions.TakeTilesAction@2fcf6e6b,50.0,10.0,0.20000000000000004,0.0,1.0,1.0,0.16326530612244902,0.4040610178208843
games.azul.actions.TakeTilesAction@6612a75e,50.0,9.0,0.18000000000000008,0.0,1.0,1.0,0.1506122448979592,0.3880879344916036
games.azul.actions.TakeTilesAction@592e20dc,50.0,9.0,0.18000000000000008,0.0,2.0,2.0,0.19142857142857148,0.4375255094603873
games.azul.actions.TakeTilesAction@592e249d,50.0,9.0,0.18000000000000008,0.0,2.0,2.0,0.19142857142857145,0.43752550946038726
games.azul.actions.TakeTilesAction@2fcf66e9,50.0,9.0,0.18000000000000008,0.0,1.0,1.0,0.1506122448979592,0.3880879344916036
games.azul.actions.TakeTilesAction@66131fbc,50.0,9.0,0.18000000000000005,0.0,2.0,2.0,0.19142857142857145,0.43752550946038726
games.azul.actions.TakeTilesAction@2fcfea8a,50.0,9.0,0.18000000000000005,0.0,1.0,1.0,0.1506122448979592,0.3880879344916036
games.azul.actions.TakeTilesAction@592e20bd,50.0,9.0,0.18000000000000005,0.0,1.0,1.0,0.15061224489795919,0.38808793449160356
games.azul.actions.TakeTilesAction@327c7ae7,50.0,9.0,0.18000000000000005,0.0,2.0,2.0,0.23224489795918357,0.4819179369552285
games.azul.actions.TakeTilesAction@592e2c00,50.0,9.0,0.18000000000000002,0.0,1.0,1.0,0.15061224489795916,0.38808793449160356
games.azul.actions.TakeTilesAction@256fa9f2,50.0,9.0,0.18000000000000002,0.0,1.0,1.0,0.15061224489795924,0.38808793449160367
games.azul.actions.TakeTilesAction@592e33df,50.0,9.0,0.18000000000000002,0.0,2.0,2.0,0.19142857142857145,0.43752550946038726
games.azul.actions.TakeTilesAction@6613233f,50.0,9.0,0.18000000000000002,0.0,1.0,1.0,0.1506122448979592,0.3880879344916036
games.azul.actions.TakeTilesAction@327bfec8,50.0,9.0,0.18,0.0,1.0,1.0,0.15061224489795913,0.3880879344916035
games.azul.actions.TakeTilesAction@6612a37e,50.0,8.0,0.1600000000000001,0.0,1.0,1.0,0.13714285714285712,0.3703280399090206
games.azul.actions.TakeTilesAction@6612ab00,50.0,8.0,0.16000000000000003,0.0,1.0,1.0,0.1371428571428572,0.3703280399090207
games.azul.actions.TakeTilesAction@25701aed,50.0,8.0,0.16000000000000003,0.0,2.0,2.0,0.17795918367346944,0.42185208743524005
games.azul.actions.TakeTilesAction@6612aee0,50.0,8.0,0.16000000000000003,0.0,1.0,1.0,0.13714285714285712,0.3703280399090206
games.azul.actions.TakeTilesAction@2fcfd787,50.0,8.0,0.16000000000000003,0.0,1.0,1.0,0.13714285714285718,0.37032803990902063
games.azul.actions.TakeTilesAction@2fcfea6b,50.0,8.0,0.16000000000000003,0.0,1.0,1.0,0.13714285714285715,0.3703280399090206
games.azul.actions.TakeTilesAction@2fcfe308,50.0,8.0,0.16000000000000003,0.0,1.0,1.0,0.13714285714285715,0.3703280399090206
games.azul.actions.TakeTilesAction@327c09ec,50.0,8.0,0.16000000000000003,0.0,1.0,1.0,0.1371428571428572,0.3703280399090207
games.azul.actions.TakeTilesAction@592e2fc1,50.0,8.0,0.16000000000000003,0.0,1.0,1.0,0.13714285714285715,0.3703280399090206
games.azul.actions.TakeTilesAction@66131bdc,50.0,8.0,0.16000000000000003,0.0,2.0,2.0,0.1779591836734694,0.42185208743524005
games.azul.actions.TakeTilesAction@2fcfdf28,50.0,8.0,0.16000000000000003,0.0,1.0,1.0,0.13714285714285715,0.3703280399090206
games.azul.actions.TakeTilesAction@327c820c,50.0,8.0,0.16000000000000003,0.0,1.0,1.0,0.13714285714285715,0.3703280399090206
games.azul.actions.TakeTilesAction@66131b9e,50.0,8.0,0.16000000000000003,0.0,1.0,1.0,0.13714285714285715,0.3703280399090206
games.azul.actions.TakeTilesAction@2fcfdb48,50.0,8.0,0.16,0.0,1.0,1.0,0.13714285714285715,0.3703280399090206
games.azul.actions.TakeTilesAction@661326e1,50.0,8.0,0.16,0.0,1.0,1.0,0.13714285714285718,0.37032803990902063
games.azul.actions.TakeTilesAction@2fcf760c,50.0,8.0,0.15999999999999998,0.0,1.0,1.0,0.13714285714285715,0.3703280399090206
games.azul.actions.TakeTilesAction@592db7a1,50.0,8.0,0.15999999999999998,0.0,1.0,1.0,0.13714285714285715,0.3703280399090206
games.azul.actions.TakeTilesAction@327c7726,50.0,8.0,0.15999999999999995,0.0,1.0,1.0,0.13714285714285718,0.37032803990902063
games.azul.actions.TakeTilesAction@256fb174,50.0,7.0,0.14000000000000004,0.0,1.0,1.0,0.12285714285714289,0.35050983275386566
games.azul.actions.TakeTilesAction@327c062b,50.0,7.0,0.14000000000000004,0.0,1.0,1.0,0.12285714285714285,0.3505098327538656
games.azul.actions.TakeTilesAction@592e24db,50.0,7.0,0.14000000000000004,0.0,1.0,1.0,0.12285714285714283,0.3505098327538656
games.azul.actions.TakeTilesAction@257025b4,50.0,7.0,0.14000000000000004,0.0,1.0,1.0,0.12285714285714283,0.3505098327538656
games.azul.actions.TakeTilesAction@6612a77d,50.0,7.0,0.14000000000000004,0.0,1.0,1.0,0.12285714285714287,0.35050983275386566
games.azul.actions.TakeTilesAction@2fcfdbc4,50.0,7.0,0.14000000000000004,0.0,2.0,2.0,0.1636734693877551,0.4045657788144656
games.azul.actions.TakeTilesAction@6613235e,50.0,7.0,0.14000000000000004,0.0,2.0,2.0,0.16367346938775512,0.40456577881446565
games.azul.actions.TakeTilesAction@256fa270,50.0,7.0,0.14000000000000004,0.0,1.0,1.0,0.12285714285714285,0.3505098327538656
games.azul.actions.TakeTilesAction@592db7df,50.0,7.0,0.14000000000000004,0.0,1.0,1.0,0.12285714285714287,0.35050983275386566
games.azul.actions.TakeTilesAction@592e24fa,50.0,7.0,0.14000000000000004,0.0,1.0,1.0,0.12285714285714287,0.35050983275386566
games.azul.actions.TakeTilesAction@2fcf6708,50.0,7.0,0.14000000000000004,0.0,1.0,1.0,0.12285714285714285,0.3505098327538656
games.azul.actions.TakeTilesAction@592e2fff,50.0,7.0,0.14000000000000004,0.0,1.0,1.0,0.12285714285714285,0.3505098327538656
games.azul.actions.TakeTilesAction@256fa631,50.0,7.0,0.14000000000000004,0.0,1.0,1.0,0.12285714285714283,0.3505098327538656
games.azul.actions.TakeTilesAction@2fcf75ed,50.0,7.0,0.14,0.0,1.0,1.0,0.12285714285714283,0.3505098327538656
games.azul.actions.TakeTilesAction@2fcfe68b,50.0,7.0,0.14,0.0,1.0,1.0,0.12285714285714282,0.3505098327538656
games.azul.actions.TakeTilesAction@592e301e,50.0,7.0,0.14,0.0,1.0,1.0,0.12285714285714283,0.3505098327538656
games.azul.actions.TakeTilesAction@592db7c0,50.0,7.0,0.14,0.0,1.0,1.0,0.12285714285714283,0.3505098327538656
games.azul.actions.TakeTilesAction@592e33a1,50.0,7.0,0.14,0.0,2.0,2.0,0.16367346938775512,0.40456577881446565
games.azul.actions.TakeTilesAction@2fcfea4c,50.0,7.0,0.14,0.0,1.0,1.0,0.12285714285714283,0.3505098327538656
games.azul.actions.TakeTilesAction@327c76c9,50.0,7.0,0.14,0.0,1.0,1.0,0.12285714285714287,0.35050983275386566
games.azul.actions.TakeTilesAction@66131fdb,50.0,7.0,0.13999999999999999,0.0,1.0,1.0,0.12285714285714287,0.35050983275386566
games.azul.actions.TakeTilesAction@2fcfdf09,50.0,7.0,0.13999999999999999,0.0,1.0,1.0,0.12285714285714283,0.3505098327538656
games.azul.actions.TakeTilesAction@327c026a,50.0,7.0,0.13999999999999999,0.0,1.0,1.0,0.12285714285714285,0.3505098327538656
games.azul.actions.TakeTilesAction@6612ab3e,50.0,6.0,0.12000000000000005,0.0,1.0,1.0,0.10775510204081637,0.328260722659316
games.azul.actions.TakeTilesAction@25701e51,50.0,6.0,0.12000000000000005,0.0,1.0,1.0,0.10775510204081636,0.328260722659316
games.azul.actions.TakeTilesAction@2fcfe6aa,50.0,6.0,0.12000000000000005,0.0,1.0,1.0,0.10775510204081633,0.32826072265931594
games.azul.actions.TakeTilesAction@327c7ec7,50.0,6.0,0.12000000000000005,0.0,2.0,2.0,0.14857142857142858,0.38544964466377263
games.azul.actions.TakeTilesAction@2fcfeaa9,50.0,6.0,0.12000000000000005,0.0,2.0,2.0,0.14857142857142858,0.38544964466377263
games.azul.actions.TakeTilesAction@6613275d,50.0,6.0,0.12000000000000002,0.0,1.0,1.0,0.10775510204081636,0.328260722659316
games.azul.actions.TakeTilesAction@2570226f,50.0,6.0,0.12000000000000002,0.0,1.0,1.0,0.10775510204081633,0.32826072265931594
games.azul.actions.TakeTilesAction@6613181b,50.0,6.0,0.12000000000000002,0.0,1.0,1.0,0.10775510204081633,0.32826072265931594
games.azul.actions.TakeTilesAction@257025d3,50.0,6.0,0.12000000000000002,0.0,1.0,1.0,0.10775510204081636,0.328260722659316
games.azul.actions.TakeTilesAction@25701e8f,50.0,6.0,0.12000000000000002,0.0,1.0,1.0,0.10775510204081636,0.328260722659316
games.azul.actions.TakeTilesAction@327bfea9,50.0,6.0,0.12000000000000002,0.0,1.0,1.0,0.10775510204081637,0.328260722659316
games.azul.actions.TakeTilesAction@257029d2,50.0,6.0,0.12000000000000002,0.0,2.0,2.0,0.1485714285714286,0.3854496446637727
games.azul.actions.TakeTilesAction@592db03e,50.0,6.0,0.12000000000000002,0.0,1.0,1.0,0.10775510204081636,0.328260722659316
games.azul.actions.TakeTilesAction@592e283f,50.0,6.0,0.12000000000000002,0.0,1.0,1.0,0.10775510204081636,0.328260722659316
games.azul.actions.TakeTilesAction@25701e70,50.0,6.0,0.12000000000000002,0.0,2.0,2.0,0.14857142857142858,0.38544964466377263
games.azul.actions.TakeTilesAction@256fb554,50.0,6.0,0.12000000000000002,0.0,1.0,1.0,0.10775510204081636,0.328260722659316
games.azul.actions.TakeTilesAction@327c0289,50.0,6.0,0.12000000000000002,0.0,1.0,1.0,0.10775510204081631,0.3282607226593159
games.azul.actions.TakeTilesAction@327c824a,50.0,6.0,0.12000000000000002,0.0,1.0,1.0,0.10775510204081637,0.328260722659316
games.azul.actions.TakeTilesAction@6612b2c0,50.0,6.0,0.12000000000000002,0.0,1.0,1.0,0.10775510204081636,0.328260722659316
games.azul.actions.TakeTilesAction@327c0dad,50.0,6.0,0.12000000000000002,0.0,1.0,1.0,0.10775510204081633,0.32826072265931594
games.azul.actions.TakeTilesAction@2fcfdba5,50.0,6.0,0.12000000000000002,0.0,1.0,1.0,0.10775510204081633,0.32826072265931594
games.azul.actions.TakeTilesAction@327c7ea8,50.0,6.0,0.12000000000000002,0.0,1.0,1.0,0.10775510204081636,0.328260722659316
games.azul.actions.TakeTilesAction@257029b3,50.0,6.0,0.12000000000000002,0.0,1.0,1.0,0.10775510204081633,0.32826072265931594
games.azul.actions.TakeTilesAction@327c7e89,50.0,6.0,0.12000000000000002,0.0,1.0,1.0,0.10775510204081633,0.32826072265931594
games.azul.actions.TakeTilesAction@661317fc,50.0,6.0,0.12000000000000002,0.0,1.0,1.0,0.10775510204081633,0.32826072265931594
games.azul.actions.TakeTilesAction@2fcfeac8,50.0,6.0,0.12000000000000002,0.0,1.0,1.0,0.10775510204081633,0.32826072265931594
games.azul.actions.TakeTilesAction@256faa11,50.0,6.0,0.12000000000000002,0.0,1.0,1.0,0.10775510204081637,0.328260722659316
games.azul.actions.TakeTilesAction@327c0dcc,50.0,6.0,0.12000000000000002,0.0,1.0,1.0,0.10775510204081633,0.32826072265931594
games.azul.actions.TakeTilesAction@256fa9d3,50.0,6.0,0.12000000000000002,0.0,1.0,1.0,0.10775510204081636,0.328260722659316
games.azul.actions.TakeTilesAction@25702975,50.0,6.0,0.12000000000000002,0.0,1.0,1.0,0.10775510204081633,0.32826072265931594
games.azul.actions.TakeTilesAction@592e33c0,50.0,6.0,0.12,0.0,2.0,2.0,0.14857142857142858,0.38544964466377263
games.azul.actions.TakeTilesAction@6612a39d,50.0,6.0,0.12,0.0,1.0,1.0,0.10775510204081631,0.3282607226593159
games.azul.actions.TakeTilesAction@592e24bc,50.0,6.0,0.12,0.0,1.0,1.0,0.10775510204081633,0.32826072265931594
games.azul.actions.TakeTilesAction@25701aaf,50.0,6.0,0.12,0.0,2.0,2.0,0.14857142857142858,0.38544964466377263
games.azul.actions.TakeTilesAction@592db05d,50.0,6.0,0.11999999999999998,0.0,1.0,1.0,0.10775510204081636,0.328260722659316
games.azul.actions.TakeTilesAction@2fcfdb67,50.0,6.0,0.11999999999999998,0.0,1.0,1.0,0.10775510204081637,0.328260722659316
games.azul.actions.TakeTilesAction@66131bbd,50.0,6.0,0.11999999999999998,0.0,1.0,1.0,0.10775510204081631,0.3282607226593159
games.azul.actions.TakeTilesAction@6612b2a1,50.0,6.0,0.11999999999999998,0.0,1.0,1.0,0.10775510204081636,0.328260722659316
games.azul.actions.TakeTilesAction@25701eae,50.0,5.0,0.10000000000000005,0.0,1.0,1.0,0.09183673469387753,0.3030457633656632
games.azul.actions.TakeTilesAction@66131bfb,50.0,5.0,0.10000000000000003,0.0,1.0,1.0,0.09183673469387753,0.3030457633656632
games.azul.actions.TakeTilesAction@592db41e,50.0,5.0,0.10000000000000003,0.0,1.0,1.0,0.09183673469387757,0.30304576336566325
games.azul.actions.TakeTilesAction@6612b2df,50.0,5.0,0.10000000000000003,0.0,1.0,1.0,0.09183673469387757,0.30304576336566325
games.azul.actions.TakeTilesAction@327c7b06,50.0,5.0,0.10000000000000003,0.0,2.0,2.0,0.1326530612244898,0.3642156795423418
games.azul.actions.TakeTilesAction@592e285e,50.0,5.0,0.10000000000000003,0.0,1.0,1.0,0.09183673469387757,0.30304576336566325
games.azul.actions.TakeTilesAction@327c8288,50.0,5.0,0.10000000000000003,0.0,1.0,1.0,0.09183673469387756,0.30304576336566325
games.azul.actions.TakeTilesAction@592dbf42,50.0,5.0,0.10000000000000003,0.0,1.0,1.0,0.09183673469387757,0.30304576336566325
games.azul.actions.TakeTilesAction@6612b282,50.0,5.0,0.10000000000000003,0.0,1.0,1.0,0.09183673469387756,0.30304576336566325
games.azul.actions.TakeTilesAction@25702231,50.0,5.0,0.10000000000000003,0.0,1.0,1.0,0.09183673469387757,0.30304576336566325
games.azul.actions.TakeTilesAction@2fcf722c,50.0,5.0,0.10000000000000003,0.0,1.0,1.0,0.09183673469387757,0.30304576336566325
games.azul.actions.TakeTilesAction@2fcfe2ca,50.0,5.0,0.10000000000000003,0.0,1.0,1.0,0.09183673469387756,0.30304576336566325
games.azul.actions.TakeTilesAction@592db01f,50.0,5.0,0.10000000000000003,0.0,1.0,1.0,0.09183673469387757,0.30304576336566325
games.azul.actions.TakeTilesAction@6612a79c,50.0,5.0,0.10000000000000003,0.0,1.0,1.0,0.09183673469387757,0.30304576336566325
games.azul.actions.TakeTilesAction@2fcf762b,50.0,5.0,0.10000000000000003,0.0,1.0,1.0,0.09183673469387757,0.30304576336566325
games.azul.actions.TakeTilesAction@6612aec1,50.0,5.0,0.10000000000000003,0.0,1.0,1.0,0.09183673469387757,0.30304576336566325
games.azul.actions.TakeTilesAction@592dbb62,50.0,5.0,0.10000000000000003,0.0,1.0,1.0,0.09183673469387757,0.30304576336566325
games.azul.actions.TakeTilesAction@256fb155,50.0,5.0,0.10000000000000003,0.0,1.0,1.0,0.09183673469387756,0.30304576336566325
games.azul.actions.TakeTilesAction@257021f3,50.0,5.0,0.10000000000000003,0.0,1.0,1.0,0.09183673469387757,0.30304576336566325
games.azul.actions.TakeTilesAction@6613271f,50.0,5.0,0.10000000000000003,0.0,1.0,1.0,0.09183673469387757,0.30304576336566325
games.azul.actions.TakeTilesAction@25702611,50.0,5.0,0.10000000000000003,0.0,2.0,2.0,0.13265306122448983,0.3642156795423418
games.azul.actions.TakeTilesAction@25702250,50.0,5.0,0.10000000000000003,0.0,2.0,2.0,0.1326530612244898,0.3642156795423418
games.azul.actions.TakeTilesAction@256fad94,50.0,5.0,0.10000000000000003,0.0,1.0,1.0,0.09183673469387756,0.30304576336566325
games.azul.actions.TakeTilesAction@327c7327,50.0,5.0,0.10000000000000003,0.0,1.0,1.0,0.09183673469387758,0.3030457633656633
games.azul.actions.TakeTilesAction@2fcf6727,50.0,5.0,0.10000000000000003,0.0,1.0,1.0,0.09183673469387757,0.30304576336566325
games.azul.actions.TakeTilesAction@327c0a2a,50.0,5.0,0.10000000000000003,0.0,1.0,1.0,0.09183673469387756,0.30304576336566325
games.azul.actions.TakeTilesAction@327bfee7,50.0,5.0,0.10000000000000003,0.0,1.0,1.0,0.09183673469387756,0.30304576336566325
games.azul.actions.TakeTilesAction@25702630,50.0,5.0,0.10000000000000003,0.0,1.0,1.0,0.09183673469387757,0.30304576336566325
games.azul.actions.TakeTilesAction@25701e32,50.0,5.0,0.10000000000000002,0.0,1.0,1.0,0.09183673469387756,0.30304576336566325
games.azul.actions.TakeTilesAction@592e303d,50.0,5.0,0.10000000000000002,0.0,2.0,2.0,0.13265306122448983,0.3642156795423418
games.azul.actions.TakeTilesAction@25701a71,50.0,5.0,0.10000000000000002,0.0,1.0,1.0,0.09183673469387756,0.30304576336566325
games.azul.actions.TakeTilesAction@256fb535,50.0,5.0,0.10000000000000002,0.0,1.0,1.0,0.09183673469387757,0.30304576336566325
games.azul.actions.TakeTilesAction@327c0deb,50.0,5.0,0.10000000000000002,0.0,1.0,1.0,0.09183673469387756,0.30304576336566325
games.azul.actions.TakeTilesAction@327c7ac8,50.0,5.0,0.10000000000000002,0.0,1.0,1.0,0.09183673469387756,0.30304576336566325
games.azul.actions.TakeTilesAction@2fcf726a,50.0,5.0,0.10000000000000002,0.0,1.0,1.0,0.09183673469387756,0.30304576336566325
games.azul.actions.TakeTilesAction@327c0a0b,50.0,5.0,0.10000000000000002,0.0,1.0,1.0,0.09183673469387756,0.30304576336566325
games.azul.actions.TakeTilesAction@25702212,50.0,5.0,0.1,0.0,1.0,1.0,0.09183673469387757,0.30304576336566325
games.azul.actions.TakeTilesAction@592e2c5d,50.0,5.0,0.1,0.0,2.0,2.0,0.1326530612244898,0.3642156795423418
games.azul.actions.TakeTilesAction@327c7308,50.0,5.0,0.1,0.0,1.0,1.0,0.09183673469387757,0.30304576336566325
games.azul.actions.TakeTilesAction@25702994,50.0,5.0,0.1,0.0,1.0,1.0,0.09183673469387757,0.30304576336566325
games.azul.actions.TakeTilesAction@2fcf724b,50.0,5.0,0.1,0.0,1.0,1.0,0.09183673469387756,0.30304576336566325
games.azul.actions.TakeTilesAction@592dbf23,50.0,5.0,0.1,0.0,1.0,1.0,0.09183673469387757,0.30304576336566325
games.azul.actions.TakeTilesAction@66132700,50.0,5.0,0.1,0.0,1.0,1.0,0.09183673469387757,0.30304576336566325
games.azul.actions.TakeTilesAction@25701a90,50.0,5.0,0.1,0.0,1.0,1.0,0.09183673469387756,0.30304576336566325
games.azul.actions.TakeTilesAction@2fcfe6c9,50.0,5.0,0.09999999999999999,0.0,1.0,1.0,0.09183673469387756,0.30304576336566325
games.azul.actions.TakeTilesAction@66131f7e,50.0,5.0,0.09999999999999999,0.0,1.0,1.0,0.09183673469387757,0.30304576336566325
games.azul.actions.TakeTilesAction@327c7346,50.0,5.0,0.09999999999999999,0.0,1.0,1.0,0.09183673469387757,0.30304576336566325
games.azul.actions.TakeTilesAction@661317dd,50.0,4.0,0.08000000000000004,0.0,1.0,1.0,0.07510204081632656,0.2740475156178697
games.azul.actions.TakeTilesAction@592e3382,50.0,4.0,0.08000000000000002,0.0,1.0,1.0,0.07510204081632653,0.27404751561786966
games.azul.actions.TakeTilesAction@327c0a49,50.0,4.0,0.08000000000000002,0.0,2.0,2.0,0.11591836734693879,0.3404678653660853
games.azul.actions.TakeTilesAction@592dbba0,50.0,4.0,0.08000000000000002,0.0,1.0,1.0,0.07510204081632654,0.2740475156178697
games.azul.actions.TakeTilesAction@2fcf7289,50.0,4.0,0.08,0.0,1.0,1.0,0.0751020408163265,0.2740475156178696
games.azul.actions.TakeTilesAction@327c7384,50.0,4.0,0.08,0.0,1.0,1.0,0.07510204081632653,0.27404751561786966
games.azul.actions.TakeTilesAction@2fcfe346,50.0,4.0,0.08,0.0,1.0,1.0,0.07510204081632653,0.27404751561786966
games.azul.actions.TakeTilesAction@327c8269,50.0,4.0,0.08,0.0,1.0,1.0,0.07510204081632653,0.27404751561786966
games.azul.actions.TakeTilesAction@2fcfe327,50.0,4.0,0.08,0.0,1.0,1.0,0.07510204081632654,0.2740475156178697
games.azul.actions.TakeTilesAction@327bff06,50.0,4.0,0.08,0.0,1.0,1.0,0.07510204081632653,0.27404751561786966
games.azul.actions.TakeTilesAction@2fcfdf47,50.0,4.0,0.08,0.0,1.0,1.0,0.07510204081632653,0.27404751561786966
games.azul.actions.TakeTilesAction@66132320,50.0,4.0,0.08,0.0,1.0,1.0,0.07510204081632652,0.27404751561786966
games.azul.actions.TakeTilesAction@2fcf764a,50.0,4.0,0.08,0.0,1.0,1.0,0.07510204081632653,0.27404751561786966
games.azul.actions.TakeTilesAction@592e287d,50.0,4.0,0.08,0.0,1.0,1.0,0.07510204081632652,0.27404751561786966
games.azul.actions.TakeTilesAction@6613237d,50.0,4.0,0.07999999999999999,0.0,1.0,1.0,0.07510204081632653,0.27404751561786966
games.azul.actions.TakeTilesAction@592db43d,50.0,4.0,0.07999999999999999,0.0,1.0,1.0,0.07510204081632652,0.27404751561786966
games.azul.actions.TakeTilesAction@327c7e4b,50.0,4.0,0.07999999999999999,0.0,1.0,1.0,0.07510204081632653,0.27404751561786966
games.azul.actions.TakeTilesAction@6612a73f,50.0,4.0,0.07999999999999999,0.0,1.0,1.0,0.07510204081632653,0.27404751561786966
games.azul.actions.TakeTilesAction@2fcfdb86,50.0,4.0,0.07999999999999999,0.0,1.0,1.0,0.07510204081632653,0.27404751561786966
games.azul.actions.TakeTilesAction@257029f1,50.0,4.0,0.07999999999999999,0.0,1.0,1.0,0.0751020408163265,0.2740475156178696
games.azul.actions.TakeTilesAction@2fcf6ac9,50.0,4.0,0.07999999999999999,0.0,1.0,1.0,0.07510204081632652,0.27404751561786966
games.azul.actions.TakeTilesAction@327c822b,50.0,4.0,0.07999999999999999,0.0,1.0,1.0,0.07510204081632654,0.2740475156178697
games.azul.actions.TakeTilesAction@592e2c7c,50.0,4.0,0.07999999999999999,0.0,1.0,1.0,0.07510204081632656,0.2740475156178697
games.azul.actions.TakeTilesAction@592db7fe,50.0,4.0,0.07999999999999999,0.0,1.0,1.0,0.07510204081632653,0.27404751561786966
games.azul.actions.TakeTilesAction@256fa650,50.0,4.0,0.07999999999999999,0.0,1.0,1.0,0.07510204081632653,0.27404751561786966
games.azul.actions.TakeTilesAction@592db3e0,50.0,4.0,0.07999999999999999,0.0,1.0,1.0,0.07510204081632652,0.27404751561786966
games.azul.actions.TakeTilesAction@327c0669,50.0,4.0,0.07999999999999999,0.0,1.0,1.0,0.07510204081632653,0.27404751561786966
games.azul.actions.TakeTilesAction@66131c1a,50.0,4.0,0.07999999999999997,0.0,1.0,1.0,0.07510204081632653,0.27404751561786966
games.azul.actions.TakeTilesAction@592e33fe,50.0,3.0,0.060000000000000026,0.0,1.0,1.0,0.05755102040816326,0.2398979374820952
games.azul.actions.TakeTilesAction@327c7745,50.0,3.0,0.06000000000000001,0.0,1.0,1.0,0.057551020408163255,0.2398979374820952
games.azul.actions.TakeTilesAction@25701ace,50.0,3.0,0.06000000000000001,0.0,1.0,1.0,0.05755102040816326,0.2398979374820952
games.azul.actions.TakeTilesAction@6613273e,50.0,3.0,0.06000000000000001,0.0,1.0,1.0,0.05755102040816326,0.2398979374820952
games.azul.actions.TakeTilesAction@2fcf6b26,50.0,3.0,0.06000000000000001,0.0,1.0,1.0,0.05755102040816326,0.2398979374820952
games.azul.actions.TakeTilesAction@2fcfdf85,50.0,3.0,0.06000000000000001,0.0,1.0,1.0,0.05755102040816326,0.2398979374820952
games.azul.actions.TakeTilesAction@592e2c1f,50.0,3.0,0.06000000000000001,0.0,1.0,1.0,0.05755102040816326,0.2398979374820952
games.azul.actions.TakeTilesAction@327c7a8a,50.0,3.0,0.06000000000000001,0.0,1.0,1.0,0.05755102040816326,0.2398979374820952
games.azul.actions.TakeTilesAction@6612ab1f,50.0,3.0,0.06000000000000001,0.0,1.0,1.0,0.05755102040816326,0.2398979374820952
games.azul.actions.TakeTilesAction@592dbf61,50.0,3.0,0.06000000000000001,0.0,1.0,1.0,0.05755102040816327,0.23989793748209523
games.azul.actions.TakeTilesAction@592e247e,50.0,3.0,0.06000000000000001,0.0,1.0,1.0,0.05755102040816326,0.2398979374820952
games.azul.actions.TakeTilesAction@592e2c3e,50.0,3.0,0.06000000000000001,0.0,1.0,1.0,0.05755102040816326,0.2398979374820952
games.azul.actions.TakeTilesAction@256fb516,50.0,3.0,0.06000000000000001,0.0,1.0,1.0,0.057551020408163255,0.2398979374820952
games.azul.actions.TakeTilesAction@327c7e6a,50.0,3.0,0.06000000000000001,0.0,1.0,1.0,0.05755102040816326,0.2398979374820952
games.azul.actions.TakeTilesAction@2fcf6aaa,50.0,3.0,0.06000000000000001,0.0,1.0,1.0,0.057551020408163255,0.2398979374820952
games.azul.actions.TakeTilesAction@592db07c,50.0,3.0,0.06000000000000001,0.0,1.0,1.0,0.05755102040816327,0.23989793748209523
games.azul.actions.TakeTilesAction@327c064a,50.0,3.0,0.06000000000000001,0.0,1.0,1.0,0.05755102040816326,0.2398979374820952
games.azul.actions.TakeTilesAction@327c76e8,50.0,3.0,0.060000000000000005,0.0,1.0,1.0,0.057551020408163255,0.2398979374820952
games.azul.actions.TakeTilesAction@6613239c,50.0,3.0,0.06,0.0,2.0,2.0,0.09836734693877551,0.31363569143000214
games.azul.actions.TakeTilesAction@327c7e2c,50.0,3.0,0.06,0.0,1.0,1.0,0.057551020408163255,0.2398979374820952
games.azul.actions.TakeTilesAction@66131f5f,50.0,3.0,0.06,0.0,1.0,1.0,0.05755102040816327,0.23989793748209523
games.azul.actions.TakeTilesAction@592dbb81,50.0,3.0,0.06,0.0,1.0,1.0,0.057551020408163255,0.2398979374820952
games.azul.actions.TakeTilesAction@2fcf72a8,50.0,3.0,0.05999999999999999,0.0,2.0,2.0,0.09836734693877551,0.31363569143000214
games.azul.actions.TakeTilesAction@2fcf6ea9,50.0,3.0,0.05999999999999999,0.0,1.0,1.0,0.05755102040816326,0.2398979374820952
games.azul.actions.TakeTilesAction@592e2fe0,50.0,3.0,0.05999999999999999,0.0,1.0,1.0,0.05755102040816327,0.23989793748209523
games.azul.actions.TakeTilesAction@256fadd2,50.0,3.0,0.05999999999999999,0.0,1.0,1.0,0.05755102040816326,0.2398979374820952
games.azul.actions.TakeTilesAction@327c7aa9,50.0,3.0,0.05999999999999999,0.0,1.0,1.0,0.05755102040816326,0.2398979374820952
games.azul.actions.TakeTilesAction@592dbbbf,50.0,2.0,0.04000000000000002,0.0,1.0,1.0,0.03918367346938776,0.19794866372215741
games.azul.actions.TakeTilesAction@6612af3d,50.0,2.0,0.04000000000000002,0.0,1.0,1.0,0.03918367346938776,0.19794866372215741
games.azul.actions.TakeTilesAction@256faa4f,50.0,2.0,0.040000000000000015,0.0,1.0,1.0,0.03918367346938775,0.1979486637221574
games.azul.actions.TakeTilesAction@6613183a,50.0,2.0,0.04000000000000001,0.0,1.0,1.0,0.03918367346938776,0.19794866372215741
games.azul.actions.TakeTilesAction@6612b2fe,50.0,2.0,0.04000000000000001,0.0,2.0,2.0,0.07999999999999997,0.28284271247461895
games.azul.actions.TakeTilesAction@256fb1d1,50.0,2.0,0.04000000000000001,0.0,1.0,1.0,0.03918367346938775,0.1979486637221574
games.azul.actions.TakeTilesAction@2fcf6ec8,50.0,2.0,0.04000000000000001,0.0,1.0,1.0,0.039183673469387746,0.1979486637221574
games.azul.actions.TakeTilesAction@327bff25,50.0,2.0,0.04000000000000001,0.0,1.0,1.0,0.039183673469387746,0.1979486637221574
games.azul.actions.TakeTilesAction@256fb193,50.0,2.0,0.04000000000000001,0.0,1.0,1.0,0.03918367346938775,0.1979486637221574
games.azul.actions.TakeTilesAction@256fa66f,50.0,2.0,0.04000000000000001,0.0,1.0,1.0,0.039183673469387746,0.1979486637221574
games.azul.actions.TakeTilesAction@25701e13,50.0,2.0,0.04,0.0,1.0,1.0,0.03918367346938775,0.1979486637221574
games.azul.actions.TakeTilesAction@6612a3fa,50.0,2.0,0.04,0.0,1.0,1.0,0.03918367346938775,0.1979486637221574
games.azul.actions.TakeTilesAction@256faa30,50.0,2.0,0.04,0.0,1.0,1.0,0.03918367346938775,0.1979486637221574
games.azul.actions.TakeTilesAction@661317be,50.0,2.0,0.04,0.0,1.0,1.0,0.03918367346938775,0.1979486637221574
games.azul.actions.TakeTilesAction@592dbf9f,50.0,2.0,0.039999999999999994,0.0,1.0,1.0,0.03918367346938776,0.19794866372215741
games.azul.actions.TakeTilesAction@592dbbde,50.0,2.0,0.039999999999999994,0.0,1.0,1.0,0.03918367346938775,0.1979486637221574
games.azul.actions.TakeTilesAction@2fcf7669,50.0,2.0,0.039999999999999994,0.0,2.0,2.0,0.07999999999999997,0.28284271247461895
games.azul.actions.TakeTilesAction@257021d4,50.0,2.0,0.039999999999999994,0.0,1.0,1.0,0.039183673469387746,0.1979486637221574
games.azul.actions.TakeTilesAction@256fb1b2,50.0,2.0,0.039999999999999994,0.0,1.0,1.0,0.039183673469387746,0.1979486637221574
games.azul.actions.TakeTilesAction@327c0e29,50.0,2.0,0.039999999999999994,0.0,1.0,1.0,0.039183673469387746,0.1979486637221574
games.azul.actions.TakeTilesAction@2fcf6b07,50.0,2.0,0.039999999999999994,0.0,1.0,1.0,0.03918367346938775,0.1979486637221574
games.azul.actions.TakeTilesAction@2fcf6765,50.0,2.0,0.039999999999999994,0.0,1.0,1.0,0.039183673469387746,0.1979486637221574
games.azul.actions.TakeTilesAction@592e2be1,50.0,2.0,0.039999999999999994,0.0,1.0,1.0,0.039183673469387746,0.1979486637221574
games.azul.actions.TakeTilesAction@327c02a8,50.0,2.0,0.039999999999999994,0.0,1.0,1.0,0.03918367346938776,0.19794866372215741
games.azul.actions.TakeTilesAction@592dbf80,50.0,2.0,0.039999999999999994,0.0,1.0,1.0,0.03918367346938776,0.19794866372215741
games.azul.actions.TakeTilesAction@66131f9d,50.0,2.0,0.039999999999999994,0.0,1.0,1.0,0.039183673469387746,0.1979486637221574
games.azul.actions.TakeTilesAction@327c0a68,50.0,2.0,0.039999999999999994,0.0,1.0,1.0,0.03918367346938775,0.1979486637221574
games.azul.actions.TakeTilesAction@256fa68e,50.0,2.0,0.039999999999999994,0.0,1.0,1.0,0.03918367346938775,0.1979486637221574
games.azul.actions.TakeTilesAction@6612aeff,50.0,2.0,0.039999999999999994,0.0,1.0,1.0,0.03918367346938775,0.1979486637221574
games.azul.actions.TakeTilesAction@257025f2,50.0,2.0,0.039999999999999994,0.0,1.0,1.0,0.039183673469387746,0.1979486637221574
games.azul.actions.TakeTilesAction@592e289c,50.0,2.0,0.039999999999999994,0.0,1.0,1.0,0.03918367346938775,0.1979486637221574
games.azul.actions.TakeTilesAction@2fcf6746,50.0,1.0,0.02000000000000001,0.0,1.0,1.0,0.019999999999999993,0.14142135623730948
games.azul.actions.TakeTilesAction@592db000,50.0,1.0,0.02000000000000001,0.0,1.0,1.0,0.019999999999999993,0.14142135623730948
games.azul.actions.TakeTilesAction@256fadf1,50.0,1.0,0.02000000000000001,0.0,1.0,1.0,0.01999999999999999,0.14142135623730948
games.azul.actions.TakeTilesAction@256fa5f3,50.0,1.0,0.02000000000000001,0.0,1.0,1.0,0.019999999999999993,0.14142135623730948
games.azul.actions.TakeTilesAction@6612ab7c,50.0,1.0,0.02000000000000001,0.0,1.0,1.0,0.019999999999999993,0.14142135623730948
games.azul.actions.TakeTilesAction@256fb573,50.0,1.0,0.020000000000000004,0.0,1.0,1.0,0.019999999999999993,0.14142135623730948
games.azul.actions.TakeTilesAction@6612a3db,50.0,1.0,0.020000000000000004,0.0,1.0,1.0,0.019999999999999993,0.14142135623730948
games.azul.actions.TakeTilesAction@66131b7f,50.0,1.0,0.020000000000000004,0.0,1.0,1.0,0.019999999999999993,0.14142135623730948
games.azul.actions.TakeTilesAction@592db45c,50.0,1.0,0.020000000000000004,0.0,1.0,1.0,0.019999999999999993,0.14142135623730948
games.azul.actions.TakeTilesAction@256fae10,50.0,1.0,0.02,0.0,1.0,1.0,0.02,0.1414213562373095
games.azul.actions.TakeTilesAction@6612a7bb,50.0,1.0,0.02,0.0,1.0,1.0,0.019999999999999997,0.1414213562373095
games.azul.actions.TakeTilesAction@2fcfe2ab,50.0,1.0,0.019999999999999997,0.0,1.0,1.0,0.019999999999999997,0.1414213562373095
games.azul.actions.TakeTilesAction@256fb4f7,50.0,1.0,0.019999999999999997,0.0,1.0,1.0,0.01999999999999999,0.14142135623730948
games.azul.actions.TakeTilesAction@592e28bb,50.0,1.0,0.019999999999999997,0.0,1.0,1.0,0.01999999999999999,0.14142135623730948
games.azul.actions.TakeTilesAction@25701a52,50.0,1.0,0.019999999999999997,0.0,1.0,1.0,0.019999999999999993,0.14142135623730948
games.azul.actions.TakeTilesAction@592e3363,50.0,1.0,0.019999999999999997,0.0,1.0,1.0,0.019999999999999993,0.14142135623730948
games.azul.actions.TakeTilesAction@2fcfdeea,50.0,1.0,0.019999999999999997,0.0,1.0,1.0,0.019999999999999993,0.14142135623730948
games.azul.actions.TakeTilesAction@2fcf6ae8,50.0,1.0,0.019999999999999997,0.0,1.0,1.0,0.019999999999999993,0.14142135623730948
games.azul.actions.TakeTilesAction@6612af1e,50.0,1.0,0.019999999999999997,0.0,1.0,1.0,0.019999999999999993,0.14142135623730948
games.azul.actions.TakeTilesAction@6612ab5d,50.0,1.0,0.019999999999999997,0.0,1.0,1.0,0.019999999999999993,0.14142135623730948
games.azul.actions.TakeTilesAction@66131859,50.0,1.0,0.019999999999999997,0.0,1.0,1.0,0.02,0.1414213562373095
games.azul.actions.TakeTilesAction@327c7365,50.0,1.0,0.019999999999999997,0.0,1.0,1.0,0.019999999999999997,0.1414213562373095
games.azul.actions.TakeTilesAction@327c7a6b,50.0,1.0,0.019999999999999997,0.0,1.0,1.0,0.01999999999999999,0.14142135623730948
games.azul.actions.TakeTilesAction@327c0688,50.0,1.0,0.019999999999999997,0.0,1.0,1.0,0.019999999999999993,0.14142135623730948
games.azul.actions.TakeTilesAction@6612a3bc,50.0,1.0,0.019999999999999997,0.0,1.0,1.0,0.02,0.1414213562373095
games.azul.actions.TakeTilesAction@2fcfea2d,50.0,1.0,0.019999999999999997,0.0,1.0,1.0,0.019999999999999993,0.14142135623730948
games.azul.actions.TakeTilesAction@2fcf6ee7,50.0,1.0,0.019999999999999997,0.0,1.0,1.0,0.02,0.1414213562373095
games.azul.actions.TakeTilesAction@592db81d,50.0,1.0,0.019999999999999997,0.0,1.0,1.0,0.02,0.1414213562373095
